id,pop,admin1,admin3,precipitation_mean,temperature_mean,elevation,slope,Name
id_84,164,4,133,1581.949552,24.00823229,650.2727273,0.909090909,Warri
id_903,192,5,144,1628.924174,25.07550907,364.75,1.5,Kano
id_333,203,2,79,1072.788419,25.11997171,107.6363636,3.545454545,Lagos
id_421,206,2,48,1219.166237,25.29792726,340.75,1.5,Lagos
id_308,226,2,89,1117.30815,25.1757674,90.68421053,6.526315789,Lagos
id_231,229,4,133,1401.86431,25.61565644,305.7142857,7.285714286,Warri
id_502,230,2,53,1265.201624,24.77141571,441.8823529,3.705882353,Lagos
id_239,233,4,133,1455.85287,25.12307767,369,10.14285714,Warri
id_455,242,2,27,928.2449951,25.70928001,38,1.125,Lagos
id_471,247,2,88,1437.185333,23.87916613,578.25,6.25,Lagos
id_597,250,3,10,1487.873332,24.10080496,519.4166667,2.75,Benin
id_310,252,2,95,1335.150923,23.92347821,588.0909091,3.636363636,Lagos
id_425,253,2,45,1108.292004,24.75461655,201.9,2.6,Lagos
id_316,257,2,81,1144.632513,25.10630122,140.5454545,2.818181818,Lagos
id_415,264,2,53,1268.928757,25.11886418,394.125,4.25,Lagos
id_591,265,3,21,1648.273859,22.32476321,906.7272727,4.363636364,Benin
id_311,271,2,95,1310.307505,24.1054846,549.2307692,2.307692308,Lagos
id_583,272,3,26,1660.54125,22.21104542,858.3333333,4.666666667,Benin
id_553,279,3,2,1686.630005,21.96199862,1048.166667,1,Benin
id_551,283,3,42,1477.422742,24.17732925,521.6,0.9,Benin
id_679,284,1,139,1538.73862,25.38279131,355.8888889,0.555555556,Abuja
id_460,286,2,15,954.7013503,25.66047756,4.307692308,0.923076923,Lagos
id_508,286,2,38,1458.067192,24.39028716,515.875,1.9375,Lagos
id_736,289,1,33,1677.636879,23.51566517,732.4375,1.3125,Abuja
id_580,289,3,19,1624.752094,22.95752525,727.1052632,2.473684211,Benin
id_457,290,2,27,932.9783325,25.70565987,36.75,1.083333333,Lagos
id_549,291,3,42,1500.051501,23.86178589,572.25,7.75,Benin
id_216,292,4,133,1457.699997,25.40864611,333.625,8.5,Warri
id_382,294,2,52,1062.20409,25.64826012,172.9090909,1.545454545,Lagos
id_268,295,4,133,1485.733541,24.0890727,557.5,4.833333333,Warri
id_444,297,2,48,1197.730501,23.49102643,526.6,3,Lagos
id_588,297,3,164,1622.392142,21.91855049,1009.857143,2.142857143,Benin
id_682,298,1,137,1538.368744,25.52473903,371.125,0.5,Abuja
id_507,300,2,35,1357.979996,23.0788765,784.125,2.875,Lagos
id_608,303,3,11,1682.138071,22.54073128,884.6153846,2.230769231,Benin
id_596,305,3,2,1637.946884,21.86917877,1012,0.5,Benin
id_490,306,2,70,1439.712664,23.95063135,629.5714286,6.571428571,Lagos
id_427,307,2,39.21428571,1070.21392,24.19007819,293.0714286,2.285714286,Lagos
id_574,308,3,26,1640.116588,22.30973677,828.2727273,2.636363636,Benin
id_511,309,2,35,1411.897754,22.93135166,755.95,3.25,Lagos
id_620,309,3,21,1633.058339,22.16975959,868.3333333,3.416666667,Benin
id_668,310,1,61,1585.334201,23.3233444,709.1818182,2.318181818,Abuja
id_521,310,3,43,1584.113989,23.82202263,737.1,2.4,Benin
id_312,312,2,81,1145.637221,25.10389307,162.1111111,3.888888889,Lagos
id_570,312,3,11,1710.664425,22.59490719,908.9666667,0.633333333,Benin
id_691,313,1,30,1623.177312,23.70996519,755.2307692,0.615384615,Abuja
id_568,313,3,163,1637.174282,21.42081465,1087.214286,1.5,Benin
id_605,313,3,11,1681.066003,22.56366806,924.2,1.5,Benin
id_106,313,4,133,1421.404994,25.06712205,365.1428571,9.857142857,Warri
id_681,315,1,30,1680.564426,23.49693298,762.8888889,0.777777778,Abuja
id_830,315,1,141,1566.99469,25.8302927,328.625,0.875,Abuja
id_496,315,2,40,1539.617695,23.18417847,725.88,1.28,Lagos
id_695,316,1,131,1510.074449,24.53984939,493.6666667,2.444444444,Abuja
id_826,316,1,25,1609.42876,23.17624855,710.5,2.9,Abuja
id_436,316,2,31,1335.798873,23.04787775,785.5454545,3,Lagos
id_531,319,3,43,1560.928645,23.98719641,687.5384615,4.538461538,Benin
id_686,320,1,113,1665.01416,24.16176563,667.7777778,1.111111111,Abuja
id_558,320,3,8,1535.049305,22.63447484,805,4.454545455,Benin
id_629,320,3,14,1627.545831,22.23896662,922.4444444,1.333333333,Benin
id_685,322,1,136,1608.05249,25.23322906,356.2,0.8,Abuja
id_528,322,3,42,1509.431274,23.98216858,580.7,2.3,Benin
id_846,322,5,147,1547.964179,25.49112235,341,0.555555556,Kano
id_810,323,1,96,1476.324319,24.41213001,478.8181818,4.181818182,Abuja
id_538,323,3,86,1547.162218,24.48359436,632.9444444,6.277777778,Benin
id_599,324,3,26,1621.7386,22.74563959,854.3888889,7.833333333,Benin
id_600,324,3,19,1673.442234,22.56289154,851.7777778,4.055555556,Benin
id_602,324,3,2,1640.447841,21.73235675,1045.428571,0.571428571,Benin
id_612,324,3,12.24137931,1668.014577,21.29585036,1029.241379,1.517241379,Benin
id_631,324,3,4,1657.562012,21.39588528,1065.2,0.5,Benin
id_683,325,1,74,1453.155692,24.98101507,442.8571429,1.857142857,Abuja
id_506,325,2,31,1314.315392,23.6834843,677.6153846,6,Lagos
id_550,325,3,124,1537.741957,24.8318278,456.5555556,3.666666667,Benin
id_627,325,3,42,1554.556244,23.79711461,613.875,7.25,Benin
id_689,327,1,138,1584.708333,25.39723672,332.2222222,1.888888889,Abuja
id_576,327,3,162,1380.173533,23.4381547,693.5833333,2.333333333,Benin
id_669,328,1,61,1500.538127,24.15149927,503.3333333,4,Abuja
id_825,328,1,50,1674.639984,23.00766778,770,4.125,Abuja
id_524,329,3,118,1515.001877,25.19009662,592.5,8,Benin
id_622,329,3,94,1661.758743,22.79355478,895.25,0.625,Benin
id_696,330,1,138,1530.292494,25.02175755,373.8888889,1.666666667,Abuja
id_630,330,3,118,1537.752482,25.0443982,560.8888889,1.777777778,Benin
id_554,331,3,8,1636.619161,22.17785438,943.0833333,2.833333333,Benin
id_633,332,1,127,1499.756069,24.49628176,506.8571429,5.714285714,Abuja
id_666,332,1,103,1486.166371,24.85155348,403.9090909,5,Abuja
id_516,332,3,118,1562.799988,25.21829001,580.5,3.666666667,Benin
id_526,332,3,43,1582.829569,23.68479474,738,3.5,Benin
id_856,332,5,147,1548.104996,25.46312404,339.5,2.5,Kano
id_489,333,2,87,1453.626452,23.96225086,591.4210526,2.736842105,Lagos
id_577,334,3,9.5,1628.241669,21.87027804,984.5,2.5,Benin
id_579,334,3,2,1630.898332,21.65998192,1048.666667,1.8,Benin
id_587,334,3,26,1651.243729,22.59620738,805.25,2.375,Benin
id_675,335,1,115,1646.175989,24.56727505,595.1,2.5,Abuja
id_606,335,3,8,1608.125,22.056916,965.875,1.375,Benin
id_857,336,5,148,1548.045013,26.08289528,304.875,3,Kano
id_676,337,1,139,1544.358124,25.42649889,373.125,0.75,Abuja
id_614,337,3,10,1503.813564,23.65848146,613.1428571,4.142857143,Benin
id_843,337,5,150,1556.413742,25.56974936,299.875,1.25,Kano
id_671,338,1,127,1509.486594,24.50977794,510.7272727,2,Abuja
id_690,338,1,33,1684.474996,23.46520774,734.75,1,Abuja
id_573,338,3,14,1648.642487,21.72903856,971.25,1.333333333,Benin
id_891,338,5,145,1551.933851,25.44482168,433.8253968,1.142857143,Kano
id_703,339,1,74,1456.410004,24.93550038,447.5,2.25,Abuja
id_509,339,2,48,1218.982503,24.07056215,505.4444444,3.222222222,Lagos
id_548,339,3,118,1527.313989,24.94177399,637.1,7.8,Benin
id_617,340,3,118,1622.292676,23.81171532,787.3333333,0.466666667,Benin
id_632,340,3,3,1447.821578,23.08146667,754.3636364,6.545454545,Benin
id_702,342,1,138,1586.403992,25.39875736,334.9,1.5,Abuja
id_381,343,2,85,1166.126001,24.15913315,351.3,4.1,Lagos
id_510,343,2,48,1220.262248,24.4397299,454,1.777777778,Lagos
id_829,344,1,92,1681.547154,24.24909019,676,4.142857143,Abuja
id_869,344,5,146,1627.915491,25.22873039,315.5,0.8,Kano
id_673,345,1,121,1529.618149,24.53868461,533.125,7.375,Abuja
id_688,345,1,136,1608.026465,25.25107918,355,1.2,Abuja
id_807,345,1,49,1690.22583,23.13645236,767,1.5,Abuja
id_390,345,2,59,1015.349205,25.22258277,60.05263158,1.842105263,Lagos
id_556,345,3,8,1631.470011,21.81916714,964.1666667,1.666666667,Benin
id_566,345,3,6,1542.813063,23.51646306,705.5384615,2.076923077,Benin
id_708,346,1,99,1535.642782,24.14277543,611,3,Abuja
id_445,346,2,18,1028.996008,24.96591644,272.5,17.8,Lagos
id_586,346,3,26,1642.024011,22.26359138,834.9,0.6,Benin
id_628,346,3,10,1623.36998,22.22014475,951,3.5,Benin
id_864,346,5,143,1589.180003,24.98272467,424.4166667,6.333333333,Kano
id_667,347,1,125,1485.862503,24.76371741,420.875,2.375,Abuja
id_698,347,1,74,1513.342146,24.62075015,493.2142857,1.571428571,Abuja
id_680,348,1,121,1529.430453,24.47176014,545.1818182,5.181818182,Abuja
id_824,348,1,126,1533.564453,24.75184716,522.7777778,2.888888889,Abuja
id_828,348,1,47,1620.601024,23.27034838,711.2941176,3,Abuja
id_552,348,3,94,1570.071835,24.46258936,703.1052632,3.578947368,Benin
id_618,348,3,43,1610.100006,23.50875235,750.75,3.75,Benin
id_678,349,1,92,1671.781281,24.25843906,683.125,0.25,Abuja
id_694,349,1,130,1483.289171,24.73070674,453.6666667,1.555555556,Abuja
id_704,349,1,139,1543.642761,25.39957848,358.2,0.8,Abuja
id_835,349,1,126,1461.797998,24.92190075,390.4,1.4,Abuja
id_555,349,3,19,1648.285456,22.60791588,814.6363636,1.454545455,Benin
id_604,349,3,11,1649.988332,22.41514556,863.6666667,0.666666667,Benin
id_845,349,5,145,1527.085007,26.2103827,296.75,1.375,Kano
id_840,350,1,74,1470.883133,24.8572166,453,3.375,Abuja
id_571,350,3,26,1640.310631,22.89220214,785.5,2.5625,Benin
id_831,351,1,50,1679.400356,22.78562982,782.4285714,0.285714286,Abuja
id_557,351,3,2,1691.459381,21.91700554,1049.875,1.25,Benin
id_603,351,3,4,1656.215837,21.37761904,1032.266667,0.666666667,Benin
id_853,351,5,153,1466.3125,25.6704793,312.375,2.5,Kano
id_329,352,2,79,1185.550012,24.4477335,252.5,2,Lagos
id_435,352,2,32,1083.935597,24.68125613,316.8235294,2.294117647,Lagos
id_561,352,3,7,1605.641492,22.02729645,1012.1,3.2,Benin
id_572,352,3,26,1657.158259,21.9358541,906.3076923,3.461538462,Benin
id_598,352,3,19,1645.847198,22.39182234,835.75,1.125,Benin
id_674,353,1,92,1555.441441,24.23727172,601.4285714,5.142857143,Abuja
id_706,353,1,33,1671.637497,23.5173955,735.125,0.875,Abuja
id_389,353,2,59,1027.955301,25.26327503,70.64705882,2.117647059,Lagos
id_282,353,4,133,1481.229709,24.13328828,544.6666667,4.222222222,Warri
id_850,353,5,149,1644.478134,25.24181223,337.5,2.375,Kano
id_719,354,1,113,1643.768738,24.26420546,664.9375,2.8125,Abuja
id_601,354,3,2,1652.49999,21.57861074,1072.25,1.083333333,Benin
id_670,355,1,103,1478.750596,25.1451033,417.68,3.76,Abuja
id_700,355,1,33,1667.556244,23.56755209,725,2.75,Abuja
id_823,355,1,127,1506.115631,24.48884106,484.375,1.75,Abuja
id_687,356,1,41,1677.519989,22.7679987,816,0.25,Abuja
id_701,357,1,33,1652.201375,23.32256783,756.7777778,0.777777778,Abuja
id_476,357,2,70,1470.00002,23.69249852,618.6666667,3.833333333,Lagos
id_562,358,3,2,1666.978624,21.87296465,1049.444444,1,Benin
id_626,359,3,2,1658.721591,22.01686218,1029.909091,2.545454545,Benin
id_582,360,3,163,1587.85575,21.90985451,1039.5,8.4,Benin
id_592,361,3,1,1475.537988,23.08126297,675.2,5.2,Benin
id_475,362,2,73,1390.13501,23.95829538,590.3076923,2.153846154,Lagos
id_578,362,3,10,1433.441678,24.24036789,481.5555556,6.777777778,Benin
id_748,363,1,126,1482.303263,24.77375799,447.6111111,8.972222222,Abuja
id_684,364,1,139,1541.697189,24.75898361,464.125,3.625,Abuja
id_801,364,1,136,1556.685824,24.74005051,465.1333333,5.733333333,Abuja
id_836,365,1,92,1656.057495,23.8844283,695.2857143,0.857142857,Abuja
id_563,365,3,19,1644.170831,22.8329383,771.3333333,3.222222222,Benin
id_569,366,3,19,1645.049561,22.21790106,868.8181818,3.454545455,Benin
id_848,367,5,153,1465.303992,25.70816536,298.6,2.3,Kano
id_309,368,2,90,1181.249276,24.72233949,237.8571429,2.214285714,Lagos
id_871,368,5,160,1885.493759,25.40971279,303.625,1.375,Kano
id_63,369,4,133,1441.899994,25.41583395,306.75,4.5,Warri
id_322,370,2,81,1146.801793,25.08919471,174,4.428571429,Lagos
id_672,371,1,138,1535.734172,25.25500086,351,0.777777778,Abuja
id_822,371,1,121,1542.581248,24.66331164,517.75,4.583333333,Abuja
id_867,371,5,144,1622.337673,25.15328489,349.5,1.357142857,Kano
id_317,372,2,81,1144.324992,25.11451594,155.25,2.166666667,Lagos
id_625,372,3,28,1492.670143,24.23489225,516.0625,4.0625,Benin
id_707,373,1,99,1495.29126,24.72549129,458.875,1.75,Abuja
id_731,373,1,108,1561.795654,24.40984891,530.6,6.8,Abuja
id_441,373,2,27,960.9180054,25.17933331,105.7,5,Lagos
id_590,373,3,19,1662.581995,21.40053463,1020.8,0.7,Benin
id_917,373,5,148,1513.886108,25.36540304,336.7142857,1,Kano
id_581,374,3,21,1603.111667,23.34691387,777.3333333,1.888888889,Benin
id_899,374,5,146,1629.705008,25.27313123,316.0714286,2.428571429,Kano
id_307,375,2,90,1159.389128,24.95626193,186.4782609,1.913043478,Lagos
id_463,375,2,120,1364.515119,23.07990964,651.8571429,3.904761905,Lagos
id_525,375,3,123,1453.021137,25.76476577,360.6666667,2.484848485,Benin
id_844,375,5,156,1820.880017,25.65970554,309.3,1.5,Kano
id_623,376,3,26,1604.397104,23.0327012,730.0769231,1.692307692,Benin
id_900,376,5,156,1590.307819,25.5211813,343.15,1.175,Kano
id_715,377,1,33,1683.73719,23.11056911,786.2352941,0.647058824,Abuja
id_567,377,3,7,1560.405005,22.34408379,915.6,10.3,Benin
id_786,378,1,113,1595.033496,24.33371429,566.1,2.7,Abuja
id_397,378,2,73,1311.251444,24.73066378,455.1666667,1.25,Lagos
id_458,378,2,27,907.5567298,25.66621766,28.84615385,0.307692308,Lagos
id_641,379,1,111,1529.618439,24.31147766,542.75,4.125,Abuja
id_757,379,1,130,1472.5,24.81266594,411.125,0.875,Abuja
id_792,380,1,92,1528.420007,24.74926643,410.4,5.2,Abuja
id_726,382,1,135,1540.392944,24.92570565,480,4.454545455,Abuja
id_584,382,3,21,1606.442763,23.32036718,769.3333333,2.444444444,Benin
id_394,384,2,59,1086.653361,25.32188924,112.0833333,4,Lagos
id_486,384,2,55,1410.796073,24.24485888,583,2.785714286,Lagos
id_890,384,5,149,1685.420007,25.28333473,323.7,1.6,Kano
id_645,385,1,103,1564.316678,24.42327605,574.5555556,7,Abuja
id_664,385,1,106,1521.969822,24.58002922,558.4285714,7.142857143,Abuja
id_820,385,1,103,1496.121948,24.79075411,519.5555556,3.888888889,Abuja
id_481,385,2,80,1214.993883,24.35933092,424.3333333,3.777777778,Lagos
id_904,385,5,160,1851.781583,25.61823819,303.5454545,2.590909091,Kano
id_873,386,5,158,1699.843597,25.49133945,331.25,0.875,Kano
id_403,387,2,53,1268.978416,25.06116555,408.1818182,4.727272727,Lagos
id_595,387,3,7,1584.678596,21.99114442,964.1875,10.1875,Benin
id_909,387,5,148,1514.766439,25.9605613,298.8095238,0.80952381,Kano
id_634,388,1,111,1475.665634,24.9746356,396.875,7.25,Abuja
id_737,388,1,60,1539.631359,24.27621685,562.3636364,5.818181818,Abuja
id_814,388,1,137,1527.764824,25.34684479,434.875,3.1875,Abuja
id_615,388,3,21,1628.391427,22.08519077,858.1428571,4.142857143,Benin
id_651,389,1,47,1637.797389,23.12896839,748.7894737,3.210526316,Abuja
id_732,389,1,92,1564.873169,24.55444438,563.2,5.666666667,Abuja
id_817,389,1,111,1474.555225,24.73356113,409.1,2.6,Abuja
id_819,389,1,99,1488.844157,24.59894333,467.1333333,4.466666667,Abuja
id_693,390,1,121,1481.154004,24.64308338,456.9,1.9,Abuja
id_725,390,1,20,1609.873407,23.25785526,793.3157895,0.789473684,Abuja
id_768,390,1,139,1529.466685,25.06531239,396.9166667,1.416666667,Abuja
id_330,390,2,79,1152.228752,24.83091152,199.0625,5.5625,Lagos
id_546,390,3,94,1592.495716,23.57149778,759.5238095,3.285714286,Benin
id_643,391,1,106,1592.106812,23.9308342,651.4,4.8,Abuja
id_655,391,1,106,1546.036165,24.19141363,589.5333333,2.933333333,Abuja
id_301,391,2,93,1357.249988,24.13158722,547.4,4.4,Lagos
id_478,391,2,73,1390.519719,24.01205364,585.1923077,1.538461538,Lagos
id_718,392,1,129,1512.309548,24.58781433,471.6363636,2.454545455,Abuja
id_791,392,1,109,1458.830965,24.87461538,409.5,2.653846154,Abuja
id_803,392,1,137,1506.059548,25.54543582,439.5454545,7.181818182,Abuja
id_295,392,2,112,1405.108329,24.89838627,352.1904762,3.952380952,Lagos
id_438,392,2,37,1054.087502,25.99853585,39.09090909,1.454545455,Lagos
id_883,392,5,150,1502.219465,25.50407955,307.1428571,2,Kano
id_765,393,1,141,1568.002499,26.01547611,331.8125,0.875,Abuja
id_839,393,1,127,1506.155673,24.47847939,481.9090909,4.181818182,Abuja
id_889,393,5,155,1624.57342,25.81621153,308.5454545,0.909090909,Kano
id_734,394,1,136,1538.365021,24.91831231,396.75,1.25,Abuja
id_789,394,1,126,1549.667236,24.72233461,507.6578947,5.157894737,Abuja
id_796,394,1,139,1495.892507,25.3067983,355.75,2.833333333,Abuja
id_727,395,1,96,1495.219995,24.21185036,569.8,6.8,Abuja
id_395,395,2,52,1122.489633,24.61564064,362.7142857,2.714285714,Lagos
id_401,395,2,51,1144.302141,23.67096438,370.2857143,1.857142857,Lagos
id_522,395,3,118,1491.193025,25.39604438,431.1578947,1.684210526,Benin
id_745,396,1,128,1545.376674,24.8107855,438.326087,6.347826087,Abuja
id_794,396,1,126,1476.949978,24.91922802,457.1111111,4.888888889,Abuja
id_762,397,1,60,1509.28134,24.59092185,467.4333333,2.866666667,Abuja
id_805,397,1,131,1455.507503,25.01529723,378.2051282,3.846153846,Abuja
id_833,397,1,99,1467.630005,24.75216675,466.5,3,Abuja
id_474,397,2,88,1469.215703,23.77249542,614.28,5.88,Lagos
id_66,397,4,133,1445.293064,25.75057072,301.5555556,0.555555556,Warri
id_886,397,5,147,1581.597133,25.33248411,369.1428571,1.142857143,Kano
id_384,398,2,65,1043.68073,25.48497685,61.5,3.416666667,Lagos
id_859,398,5,152,1599.969006,25.62960587,313.9,2.4,Kano
id_764,399,1,134,1514.9825,25.26514261,382.6363636,0.727272727,Abuja
id_493,399,2,55,1422.683329,23.76506964,696.6666667,6,Lagos
id_638,400,1,111,1491.074982,24.70500016,470.25,3.875,Abuja
id_665,400,1,67,1637.537876,23.23472242,810.537037,3.259259259,Abuja
id_712,401,1,114,1495.503407,24.81955684,429.0909091,4.181818182,Abuja
id_442,401,2,37,1023.782506,25.94117846,31.57142857,2,Lagos
id_505,401,2,39,1484.483233,22.85460745,758.2857143,1,Lagos
id_621,401,3,119.3571429,1530.057678,25.31188229,509.3571429,2.714285714,Benin
id_65,401,4,133,1495.32251,24.68362554,489.6666667,3.666666667,Warri
id_656,402,1,125,1498.465556,24.65101581,457,2.666666667,Abuja
id_777,402,1,121,1562.17749,24.56208242,530.2,4.6,Abuja
id_781,402,1,113,1629.574997,24.77241635,583.5,3,Abuja
id_523,402,3,32.30769231,1642.770771,22.88666769,856.6153846,3.615384615,Benin
id_728,403,1,99,1448.71582,24.77990214,436.1666667,4.333333333,Abuja
id_743,403,1,138,1509.134572,25.20535008,366.8333333,0.5,Abuja
id_766,403,1,49,1672.357112,23.09850707,770.6153846,1.692307692,Abuja
id_488,403,2,55,1407.254644,24.16763651,601,4.80952381,Lagos
id_585,403,3,163,1594.697754,21.87320766,1009.5,2.7,Benin
id_284,403,4,133,1534.932153,24.50061936,619.3055556,8.75,Warri
id_639,404,1,61,1489.70501,24.15758218,492.6666667,4.222222222,Abuja
id_642,404,1,106,1620.717137,23.87451158,671.1428571,1.857142857,Abuja
id_741,404,1,129,1489.119995,24.87147077,434.8333333,2.833333333,Abuja
id_780,404,1,99,1639.081945,23.34643107,723.3090909,2.109090909,Abuja
id_784,404,1,136,1575.395796,24.82204663,417.2727273,0.909090909,Abuja
id_619,404,3,28,1591.800703,23.28349713,722.5,3.357142857,Benin
id_720,405,1,139,1531.903166,24.7905117,434.2666667,1.4,Abuja
id_754,405,1,137,1532.624695,25.26139903,527.75,5.875,Abuja
id_775,405,1,114,1486.178633,24.83042405,443.8181818,3.454545455,Abuja
id_292,405,2,37,1023.553497,26.01759739,22.8,3.8,Lagos
id_332,405,2,72,1158.266427,24.77201762,216.0714286,3.357142857,Lagos
id_815,406,1,91,1510.712024,23.97229843,534.6,1.3,Abuja
id_575,406,3,164,1610.613332,22.06772168,997.4166667,1.666666667,Benin
id_855,406,5,153,1466.819987,25.66274325,319.2222222,1.666666667,Kano
id_660,407,1,111,1536.275014,24.23557011,637.5833333,2.5,Abuja
id_749,407,1,139,1564.204183,24.99378459,429,0.555555556,Abuja
id_440,407,2,18,961.2394958,26.1657547,26.6,7.6,Lagos
id_483,407,2,87,1487.581973,23.60369361,651.3157895,4.210526316,Lagos
id_518,407,3,118,1556.284557,25.5534909,578.1818182,6.636363636,Benin
id_863,407,5,147,1548.481044,25.49008288,339.7142857,1.714285714,Kano
id_662,408,1,61,1576.36834,23.41630046,720.1111111,1.888888889,Abuja
id_417,408,2,51,1099.833333,24.14031585,311.1666667,2.916666667,Lagos
id_434,408,2,57,1110.933032,24.82789955,335.2,1.533333333,Lagos
id_446,408,2,18,1058.703491,24.40003281,315.2,12.8,Lagos
id_610,408,3,164,1607.873413,21.77411964,1060.363636,0.818181818,Benin
id_710,409,1,121,1529.368042,24.59951486,531.3333333,1.555555556,Abuja
id_758,409,1,140,1526.03863,25.6338696,313.1818182,1.954545455,Abuja
id_770,409,1,130,1473.269436,25.05066003,371.1111111,1.555555556,Abuja
id_771,409,1,131,1492.048218,24.68272073,455.1428571,0.714285714,Abuja
id_7,409,4,133,1459.770004,25.39149976,328.625,5.25,Warri
id_269,409,4,133,1413.122048,25.06767793,343.5454545,6.181818182,Warri
id_865,409,5,145,1518.207136,25.46622276,486.7142857,4.428571429,Kano
id_635,410,1,103,1550.117172,24.4876945,605.5,7.625,Abuja
id_714,410,1,130,1479.085562,24.8822758,415.1538462,0.923076923,Abuja
id_334,410,2,79,1142.517681,24.72182274,178,2.538461538,Lagos
id_755,411,1,99,1573.319444,24.10215251,604.7777778,1.444444444,Abuja
id_787,411,1,130,1488.612508,24.96480242,399.8888889,1.222222222,Abuja
id_812,411,1,128,1549.037575,24.57762963,496.3125,3.84375,Abuja
id_813,411,1,49,1658.304301,22.89611318,777.3888889,1.333333333,Abuja
id_875,411,5,158,1701.095269,25.43490367,316.2222222,1.888888889,Kano
id_892,411,5,155,1642.640927,25.69394794,324.8421053,1.157894737,Kano
id_653,412,1,125,1509.533654,24.80035532,482.3076923,3.846153846,Abuja
id_723,412,1,121,1589.198475,24.74979271,516.0967742,2.451612903,Abuja
id_422,412,2,45,1115.768753,24.68519878,214.5,2.25,Lagos
id_897,412,5,151,1749.146932,24.85177252,392.3333333,1.222222222,Kano
id_767,413,1,71,1595.865099,23.86893866,669.8888889,3.074074074,Abuja
id_790,413,1,137,1545.912953,24.78253122,517.1818182,0.909090909,Abuja
id_413,413,2,53,1233.652832,25.21853447,383.2857143,2.571428571,Lagos
id_451,413,2,27,934.3249969,25.72996736,38.25,0.75,Lagos
id_492,413,2,46,1459.342512,23.71274294,656.4285714,6,Lagos
id_879,413,5,148,1528.485498,25.64721413,304.8,2.6,Kano
id_647,414,1,47,1632.319993,23.10483404,756.4615385,4.153846154,Abuja
id_411,414,2,53,1274.814613,25.03866254,434.0769231,6.615384615,Lagos
id_431,414,2,37,1084.193726,24.12991977,268.125,3.25,Lagos
id_851,414,5,155,1629.714777,25.75665751,329.8181818,1.181818182,Kano
id_880,414,5,156,1638.077759,25.4452307,305.7777778,3.111111111,Kano
id_650,415,1,106,1501.656995,24.46938267,538.6,2.7,Abuja
id_793,415,1,129,1568.52626,24.83840823,466.25,1.75,Abuja
id_624,415,3,162,1337.498186,23.38285446,757.5714286,2.142857143,Benin
id_861,415,5,150,1509.027266,25.69380656,296.5454545,2.909090909,Kano
id_648,416,1,61,1605.160004,23.53933406,702.875,1.75,Abuja
id_809,416,1,137,1514.82667,25.74840323,333.9166667,1.333333333,Abuja
id_816,416,1,33,1684.406767,22.89798422,783.0588235,1.941176471,Abuja
id_319,416,2,81,1145.823999,25.10854747,159.7333333,4.733333333,Lagos
id_324,416,2,81,1150.037521,25.064116,165.875,6.625,Lagos
id_396,416,2,52,1133.581704,24.47727304,373.7894737,2.210526316,Lagos
id_437,416,2,31,1251.912493,24.77326911,423.7142857,1,Lagos
id_456,416,2,27,904.9047424,25.68317833,27.5,0.1,Lagos
id_716,417,1,121,1529.940247,24.51559105,503.6,3.1,Abuja
id_730,417,1,69,1619.268611,23.78539909,705.2,1.08,Abuja
id_795,417,1,33,1682.461592,23.07050237,791.6363636,1.181818182,Abuja
id_811,417,1,137,1505.263951,25.53762163,399.5714286,2,Abuja
id_517,417,3,118,1558.833333,25.25926887,579.8888889,2.888888889,Benin
id_910,417,5,159,1964.179993,25.29966831,323.5,1.5,Kano
id_654,418,1,67,1586.207499,23.39852031,715.0833333,4.75,Abuja
id_722,418,1,141,1541.912032,26.09453253,310.7272727,0.818181818,Abuja
id_738,418,1,50,1672.207916,22.89721298,782.3611111,3.083333333,Abuja
id_751,418,1,131,1478.257487,24.83795781,426.1111111,2.777777778,Abuja
id_776,418,1,137,1533.455009,25.3538698,429.875,2,Abuja
id_609,418,3,26,1652.215002,22.67855682,837.8,2.9,Benin
id_613,418,3,164,1626.727002,21.70191854,1060.266667,0.666666667,Benin
id_800,419,1,140,1538.497998,25.372925,379.2,0.6,Abuja
id_512,419,2,35,1399.998868,22.91889589,809.6363636,3.909090909,Lagos
id_564,419,3,5,1642.764374,21.39379263,1069.6875,1.6875,Benin
id_876,419,5,143,1578.529117,25.17374027,357.5294118,6.058823529,Kano
id_721,420,1,137,1490.283902,25.66484875,407.2222222,3.055555556,Abuja
id_753,420,1,114,1481.974711,24.81108634,445.2222222,3.722222222,Abuja
id_804,420,1,130,1459.697986,24.93654938,386,1.4,Abuja
id_412,420,2,53,1228.825256,25.2378191,371.7,0.7,Lagos
id_535,420,3,118,1581.074992,24.1570833,737.8888889,2.111111111,Benin
id_636,421,1,127,1493.788059,24.70471552,419.2222222,1.666666667,Abuja
id_658,421,1,106,1488.940002,24.58483505,519.625,4.75,Abuja
id_713,421,1,92,1677.615991,24.31454239,673.2,4.4,Abuja
id_448,421,2,16,986.5688671,25.97915667,12.18181818,4.545454545,Lagos
id_640,422,1,103,1505.282271,24.72772633,489.0909091,6.636363636,Abuja
id_733,422,1,41,1530.785714,23.8299299,624.9285714,10.07142857,Abuja
id_742,422,1,135,1598.726807,24.95768738,385.8571429,1.857142857,Abuja
id_464,422,2,112,1478.458221,24.36593825,530.9285714,2.071428571,Lagos
id_515,422,2,48,1238.030493,24.25483761,504.8,2.7,Lagos
id_881,422,5,156,1634.104992,25.47094744,306.3636364,1.727272727,Kano
id_918,422,5,153,1525.311971,25.67575158,347.8888889,1.444444444,Kano
id_637,423,1,41,1508.615234,24.11955088,490.0909091,5.090909091,Abuja
id_657,423,1,79,1561.898058,24.00963116,659.1111111,9,Abuja
id_735,423,1,121,1547.488007,24.72986155,508.6,4.1,Abuja
id_321,423,2,81,1148.736415,25.06847409,158.4285714,4.285714286,Lagos
id_383,423,2,70,1445.658851,24.05130724,602.6923077,1.307692308,Lagos
id_593,423,3,2,1631.281572,21.45925522,1086.545455,1.909090909,Benin
id_919,423,5,147,1597.585312,25.47131991,353.25,1.0625,Kano
id_649,424,1,103,1535.036821,24.58103111,569.9090909,2.090909091,Abuja
id_661,424,1,47,1591.008148,23.27655149,743.125,2.25,Abuja
id_663,424,1,103,1496.106372,24.99273243,485.2,4.25,Abuja
id_797,424,1,34,1518.149769,24.43646847,558.3636364,1.363636364,Abuja
id_802,424,1,33,1690.123299,22.95669162,795.5,0.6875,Abuja
id_439,424,2,37,1048.881814,25.98587435,29,2.090909091,Lagos
id_469,424,2,93,1366.43904,24.11052459,540,3.761904762,Lagos
id_513,424,2,35,1354.967729,23.01633488,784,3.181818182,Lagos
id_838,425,1,74,1513.280843,25.01662381,477.3333333,4.5,Abuja
id_430,425,2,57,1129.583008,24.88596935,324.7,1.4,Lagos
id_652,426,1,106,1490.456377,24.73935023,418,3.181818182,Abuja
id_798,426,1,137,1525.926107,25.15284157,432.5555556,1.888888889,Abuja
id_906,426,1,137,1497.521584,25.5707479,391,4.909090909,Abuja
id_888,426,5,156,1716.430272,25.59949845,300.7894737,2.631578947,Kano
id_752,427,1,99,1469.825943,24.71171021,473.3125,3.5625,Abuja
id_769,427,1,13,1638.712257,22.95673052,809.0952381,1.238095238,Abuja
id_772,427,1,50,1678.172485,23.28318858,741.75,4.125,Abuja
id_306,427,2,95,1316.44555,23.57857482,651.1666667,6.666666667,Lagos
id_467,427,2,101,1310.21542,22.89209408,571.5555556,2.888888889,Lagos
id_514,427,2,48,1229.498402,23.48803364,583.8181818,4,Lagos
id_779,428,1,109,1526.369089,24.54705938,551.4242424,3.454545455,Abuja
id_530,428,3,42,1571.243262,23.29314194,762.1,2.1,Benin
id_454,429,2,27,925.4380561,25.66198497,28.44444444,0.777777778,Lagos
id_533,429,3,43,1589.042492,23.71258302,726.9090909,3.181818182,Benin
id_896,429,5,153,1611.725003,25.59697914,305.1111111,1.333333333,Kano
id_644,430,1,103,1496.563344,24.85612837,537.25,6.166666667,Abuja
id_283,430,4,133,1488.71833,24.07280307,573.8888889,2.444444444,Warri
id_646,431,1,103,1524.737329,24.5235522,569.6,8.666666667,Abuja
id_504,431,2,40,1461.846004,23.95088768,555.6666667,1.333333333,Lagos
id_914,431,5,156,1855.525592,25.60397159,308.1176471,2.941176471,Kano
id_537,432,3,124,1547.82475,25.22556496,543.35,2.65,Benin
id_257,432,4,133,1432.12443,25.1155476,368.8888889,4.222222222,Warri
id_887,432,5,145,1559.319056,26.22958914,313.2916667,0.916666667,Kano
id_256,433,4,133,1442.056946,25.16629516,343.1111111,6.333333333,Warri
id_858,433,5,145,1508.459998,25.85939846,321.2,4.4,Kano
id_818,434,1,61,1496.051082,24.16342691,532.3333333,8,Abuja
id_392,435,2,45,1098.731342,25.38691447,98.53846154,2.615384615,Lagos
id_902,435,5,143,1675.144849,24.65205549,512.6666667,2.666666667,Kano
id_519,436,3,124,1514.569359,25.24954081,513.8125,5.1875,Benin
id_529,436,3,43,1628.337864,23.36256804,826.7857143,2.857142857,Benin
id_862,436,5,144,1553.75,25.57925129,335.5,3.666666667,Kano
id_893,436,5,151,1684.855924,24.95051817,374,2.454545455,Kano
id_746,437,1,92,1526.700167,24.57381929,493.3,1.266666667,Abuja
id_827,437,1,33,1676.164267,23.5892035,736.7096774,2.096774194,Abuja
id_291,437,2,37,1027.450989,25.97890873,35.7,4.3,Lagos
id_527,437,3,42,1583.310018,23.26343769,775.6666667,2.777777778,Benin
id_611,437,3,9,1626.534001,22.47424431,959.4,1.066666667,Benin
id_418,438,2,36,1128.3904,23.33637678,436.5384615,3.846153846,Lagos
id_905,438,5,152,1484.835273,26.14542876,298.8888889,2,Kano
id_788,440,1,66,1637.048712,24.088739,639.137931,1.327586207,Abuja
id_336,440,2,85,1226.513925,23.50061212,494.7142857,4.928571429,Lagos
id_877,441,5,158,1728.993825,25.41580223,324,1.764705882,Kano
id_895,441,5,156,1832.474727,25.54093912,315.1111111,1.259259259,Kano
id_419,442,2,45,1113.481238,24.71227036,212.2,2.6,Lagos
id_315,443,2,81,1144.92334,25.11077944,145.5833333,3.083333333,Lagos
id_898,444,5,153,1517.240582,25.77396965,300.7307692,1.192307692,Kano
id_289,445,2,18,983.8254944,26.0368124,28.6,5.9,Lagos
id_367,445,2,73,1364.783203,23.93818774,613.7142857,5.428571429,Lagos
id_916,445,5,148,1557.947496,25.54945861,356,1,Kano
id_320,446,2,81,1145.178063,25.10083008,149.3076923,4.461538462,Lagos
id_842,446,5,147,1629.103149,25.64696646,304,2,Kano
id_318,447,2,81,1144.479167,25.10369873,139,1.555555556,Lagos
id_545,447,3,94,1590.426935,23.81536796,714.4545455,3.909090909,Benin
id_852,447,5,158,1643.05249,25.46642576,329.1428571,0.714285714,Kano
id_296,448,2,117,1209.880005,24.9208334,322.6,3.3,Lagos
id_901,448,5,158,1754.746776,25.69759044,310.2352941,1,Kano
id_908,448,5,148,1525.479153,26.07199181,288.8888889,1.555555556,Kano
id_912,448,5,156,1748.707504,25.75320816,304.25,1.875,Kano
id_432,450,2,37,1056.944187,24.13233842,294.4444444,2.555555556,Lagos
id_501,450,2,35,1385.5625,23.51093864,705,0.333333333,Lagos
id_264,450,4,133,1601.702515,24.56903172,652,0.75,Warri
id_543,451,3,43,1608.584717,23.52952978,781.3333333,3.555555556,Benin
id_911,451,5,159,1932.657139,25.35200609,310.1428571,1.071428571,Kano
id_399,452,2,59,1043.898171,24.96718996,140.3636364,1.954545455,Lagos
id_414,452,2,53,1268.150488,25.19268303,388,1.6,Lagos
id_96,452,4,133,1566.376182,24.08797063,652.8947368,1.105263158,Warri
id_433,453,2,57,1112.664289,24.82636901,339.7142857,1.428571429,Lagos
id_480,453,2,84,1338.278748,22.78823919,752,7,Lagos
id_261,453,4,133,1523.313358,24.78914795,405.6,4.028571429,Warri
id_870,453,5,154,1813.233162,25.08214912,347.7333333,1.4,Kano
id_837,454,1,121,1534.316559,24.7192359,510,2.625,Abuja
id_466,454,2,105,1431.696303,24.44308295,467.0740741,4.666666667,Lagos
id_874,455,5,147,1605.066629,25.64525357,316.3529412,1.647058824,Kano
id_385,456,2,51,1231.475637,22.94973612,558.3333333,2.666666667,Lagos
id_532,456,3,118,1525.544643,25.39348166,446.7142857,3.428571429,Benin
id_420,457,2,57,1119.669817,25.07536943,281.7857143,2.928571429,Lagos
id_913,457,5,148,1562.657854,25.16810771,450.8571429,3.428571429,Kano
id_594,458,3,19,1674.800093,21.69093887,999.2,0.84,Benin
id_559,459,3,10,1462.454169,24.23472256,520.2222222,2.777777778,Benin
id_35,459,4,133,1427.3125,25.29373016,322.8,2.8,Warri
id_878,459,5,148,1558.204418,25.68081957,348.1176471,1,Kano
id_882,459,5,144,1616.019165,25.01466052,373.4166667,1.666666667,Kano
id_498,460,2,39,1540.007754,22.22922332,899.5862069,2.034482759,Lagos
id_470,461,2,88,1435.337111,23.93267353,573.7692308,5.384615385,Lagos
id_479,461,2,80,1229.949997,23.87445736,514.625,1,Lagos
id_484,462,2,73,1317.755578,24.35662204,497.8076923,3.269230769,Lagos
id_854,462,5,147,1624.175008,25.6745828,309.3333333,1.666666667,Kano
id_872,462,5,145,1543.287244,25.58251171,388.975,1.35,Kano
id_760,464,1,137,1528.126953,25.18508178,435.09375,3.5625,Abuja
id_313,464,2,81,1146.44812,25.10978317,154,3.75,Lagos
id_91,464,4,133,1403.310387,24.8915196,346.1690141,4.647887324,Warri
id_293,465,2,37,1018.343058,26.03010347,27.55555556,3.111111111,Lagos
id_314,469,2,81,1147.208333,25.08361228,133.9166667,0.833333333,Lagos
id_406,469,2,51,1141.922501,23.56881285,382.75,3.125,Lagos
id_487,469,2,70,1468.278748,23.67469096,658.125,5.125,Lagos
id_500,470,2,38,1544.186466,23.04910851,739.3529412,2.647058824,Lagos
id_841,471,5,150,1559.605347,25.55309459,300.1428571,1.285714286,Kano
id_304,472,2,90,1182.527913,24.73162142,232.8333333,3.25,Lagos
id_372,472,2,59,0,0,0,0,Lagos
id_542,472,3,118,1627.788429,23.67473006,805.3125,2.3125,Benin
id_868,473,5,145,1507.520004,26.11533499,289,0.625,Kano
id_114,474,4,133,1445.777481,25.94425106,279.625,0.25,Warri
id_534,475,3,118,1531.33873,24.90487337,644.125,6.125,Benin
id_847,476,5,150,1554.755295,25.56926465,312.375,2.125,Kano
id_327,477,2,81,1154.861252,24.96920824,166.5,5,Lagos
id_832,479,1,140,1539.265001,25.50692113,330.1111111,2,Abuja
id_297,479,2,98,1198.450383,24.58424363,207.1538462,3.923076923,Lagos
id_536,481,3,43,1617.055994,23.6843153,723.9,4.1,Benin
id_692,482,1,131,1494.789995,24.69070348,465.9090909,4.909090909,Abuja
id_386,482,2,51,1225.652623,23.03023647,544.2857143,3.952380952,Lagos
id_849,482,5,144,1597.088757,25.22721672,329.9,1.4,Kano
id_607,485,3,21,1624.912367,22.52757231,831,3.833333333,Benin
id_915,485,5,156,1855.683892,25.59625202,303.1111111,3.333333333,Kano
id_402,486,2,51,1142.890712,23.66114862,376,1.714285714,Lagos
id_547,486,3,94,1598.669165,23.81372077,725.2,2.8,Benin
id_388,487,2,54,1165.626531,23.96721634,337.6923077,3.384615385,Lagos
id_453,487,2,27,909.8650055,25.68855214,17.25,3.5,Lagos
id_298,488,2,101,1245.255881,23.84846642,483.8235294,11.05882353,Lagos
id_299,488,2,105,1444.446384,23.82376374,574.3333333,3.888888889,Lagos
id_303,489,2,97,1156.004337,25.30629539,223.0526316,2,Lagos
id_294,490,2,18,1019.085632,25.10089302,235.375,11.875,Lagos
id_375,490,2,58,1120.514994,25.08967707,165.4444444,2.888888889,Lagos
id_482,490,2,84,1342.638268,22.79713616,746.2307692,9.461538462,Lagos
id_452,491,2,27,924.8943787,25.66779876,35.25,0.5,Lagos
id_387,493,2,51,1131.232007,24.4772049,278.2,2,Lagos
id_429,493,2,48,1166.865991,24.96909917,331.6666667,2.666666667,Lagos
id_677,495,1,92,1674.642502,24.30895925,679.625,1,Abuja
id_705,495,1,74,1452.518506,24.99536514,457.6,3.5,Abuja
id_443,495,2,18,1045.926001,24.97563896,235.2,5.9,Lagos
id_616,495,3,42,1473.565538,24.21029896,530.2222222,2.333333333,Benin
id_589,499,3,14,1625.031372,23.17675313,750.8181818,4,Benin
id_18,499,4,133,1438.212513,25.83375133,300.5454545,0.636363636,Warri
id_450,501,2,27,922.137502,25.67860476,33.25,3.583333333,Lagos
id_907,502,5,158,1750.996316,25.52691246,310.0588235,1.294117647,Kano
id_428,504,2,36,1105.410714,23.66818537,425.2857143,6.142857143,Lagos
id_111,504,4,133,1425.170546,25.93144883,292.1111111,0.777777778,Warri
id_808,506,1,121,1516.837497,24.45349503,518.5555556,1.555555556,Abuja
id_288,506,2,18,971.1275024,25.96997881,51.125,11.625,Lagos
id_477,506,2,73,1407.919334,24.5981669,511,1.272727273,Lagos
id_778,507,1,91,1613.246002,23.76782389,672.4,5.3,Abuja
id_340,507,2,73,1366.614105,23.89921795,612.3214286,2.785714286,Lagos
id_465,507,2,107,1243.753833,24.39869258,418.0666667,2.466666667,Lagos
id_305,509,2,97,1143.736165,25.34795074,201,2.466666667,Lagos
id_286,510,4,133,1565.532295,24.18089821,683.5,0.52,Warri
id_697,511,1,30,1625.402496,23.71252155,755.25,0.75,Abuja
id_373,511,2,73,1409.339722,23.30124092,730.2222222,3.888888889,Lagos
id_253,511,4,133,1493.993018,24.0640873,582.2,2.6,Warri
id_423,512,2,45,1114.507865,24.6828943,214.7142857,2.857142857,Lagos
id_287,512,3,127.375,1535.853134,24.59230387,601.625,7.875,Benin
id_378,514,2,58,1113.403233,25.1330283,152.5714286,2.071428571,Lagos
id_337,515,2,65,1099.273155,25.02422684,141.8947368,6.947368421,Lagos
id_699,519,1,33,1677.089986,23.5054992,728.6666667,0.666666667,Abuja
id_834,519,1,141,1582.792209,25.80549834,335.8888889,0.666666667,Abuja
id_250,520,4,133,1447.670013,25.36875033,359.5,1.5,Warri
id_259,520,4,133,1435.919739,25.09704857,296.7,3.3,Warri
id_462,521,2,15,894.7381814,25.67159705,1,0.909090909,Lagos
id_544,526,3,123,1563.271759,24.64033337,654.5,2.4,Benin
id_152,527,4,133,1411.162516,25.92593829,291.6666667,0.333333333,Warri
id_33,528,4,133,1489.534193,24.05953153,562.6666667,3.111111111,Warri
id_67,528,4,133,1413.959991,25.40999889,282.375,0.875,Warri
id_376,530,2,73,1405.959161,23.38148965,710.7777778,5.111111111,Lagos
id_426,531,2,59,1038.279999,24.55916739,162,1,Lagos
id_709,532,1,113,1640.083752,24.55524292,577.1,2.1,Abuja
id_540,532,3,124,1479.225971,25.12773206,352.0769231,3.923076923,Benin
id_42,534,4,133,1474.533352,25.70312564,312.8888889,1.111111111,Warri
id_539,538,3,118,1496.191659,25.63666674,482.6,7.066666667,Benin
id_343,541,2,65,1089.876001,24.7955595,168.4,1.3,Lagos
id_86,541,4,133,1500.762451,24.94510269,479,12,Warri
id_331,542,2,79,1145.233894,24.88533847,189.1666667,5.388888889,Lagos
id_499,542,2,36,1114.938477,23.46637799,449.7692308,6.615384615,Lagos
id_302,548,2,93,1357.195123,24.12984581,539,4.05,Lagos
id_491,553,2,87,1531.451577,22.84849789,862.6315789,5.736842105,Lagos
id_214,554,4,133,1421.545837,25.7845842,296.75,1.583333333,Warri
id_323,557,2,81,1148.003185,25.08424152,147.3636364,3.818181818,Lagos
id_447,557,2,18,1017.17334,25.05534744,256.8888889,11.22222222,Lagos
id_894,557,5,144,1631.289298,24.98657663,377.4285714,0.714285714,Kano
id_821,558,1,33,1609.88501,23.35558319,767.8333333,1.333333333,Abuja
id_520,559,3,118,1647.63797,24.03668046,730.625,2.4375,Benin
id_300,561,2,90,1239.429321,24.15541649,329.2857143,3.428571429,Lagos
id_503,562,2,35,1414.605003,23.13841334,741.1818182,4,Lagos
id_44,564,4,133,1420.810006,24.96809442,398.8571429,8,Warri
id_265,568,4,133,1448.585314,25.68906339,295.5555556,4.333333333,Warri
id_345,569,2,65,1071.977002,25.1602815,105.2666667,3.8,Lagos
id_109,569,4,133,1429.646008,25.54518337,307.5,2.1,Warri
id_325,570,2,81,1179.405005,24.61666698,235.5,1.9,Lagos
id_497,572,2,46,1418.25892,23.82858917,635.1428571,1.785714286,Lagos
id_262,573,4,133,1463.366509,25.00156303,308,3.92,Warri
id_369,574,2,73,1411.69478,23.38750042,745.7272727,2.090909091,Lagos
id_371,574,2,73,1372.523242,23.81020069,638.7,9,Lagos
id_424,575,2,45,1111.112,24.7262001,200.1,2.5,Lagos
id_370,576,2,73,1408.202502,23.31533413,725.8,4.8,Lagos
id_87,577,4,133,1517.163237,24.73269833,579.0588235,5.411764706,Warri
id_365,581,2,65,1079.004626,25.18929453,108.35,2.3,Lagos
id_81,581,4,133,1429.210007,25.19223976,390.875,6.5,Warri
id_866,582,5,145,1579.670733,26.19989591,305.7941176,0.676470588,Kano
id_326,584,2,81,1156.912503,24.99886322,154.5555556,3.222222222,Lagos
id_272,585,4,133,1454.884689,24.28330445,528.75,3.5625,Warri
id_104,587,4,133,1475.682224,25.97500038,288.1111111,0.666666667,Warri
id_58,588,4,133,1447.081006,25.58211517,281.3,1,Warri
id_255,588,4,133,1432.825352,25.16621889,369.7142857,6.571428571,Warri
id_112,589,4,133,1419.875,25.77395916,307,1.75,Warri
id_541,590,3,112.6428571,1505.235892,24.95951789,474.0714286,2,Benin
id_275,590,4,133,1555.367766,24.32270863,615,1,Warri
id_338,591,2,68,1202.816691,24.19555505,300,2.666666667,Lagos
id_360,592,2,73,1368.247736,24.16343412,590,1.090909091,Lagos
id_280,594,4,133,1595.752204,23.98993447,672.9411765,2.823529412,Warri
id_285,594,4,133,1601.54266,23.6735611,703.4705882,0.529411765,Warri
id_380,596,2,55,1383.241659,24.2701469,568.5555556,1.666666667,Lagos
id_11,598,4,133,1407.722504,25.9694891,280,2,Warri
id_449,599,2,27,879.1055637,25.3646467,14.33333333,1,Lagos
id_29,601,4,133,1436.114757,25.71324869,286.2727273,1.454545455,Warri
id_22,603,4,133,1459.558594,25.97464371,294.6666667,0.666666667,Warri
id_79,604,4,133,1480.644995,26.06100063,287.6,0.8,Warri
id_249,604,4,133,1446.278491,24.96079369,415.6,9.9,Warri
id_260,604,4,133,1525.662203,24.73132397,379.5,5.323529412,Warri
id_49,606,4,133,1427.18251,25.12875104,382.875,12.75,Warri
id_884,606,5,159,1954.067004,25.29408684,321.5,0.9,Kano
id_494,609,2,55,1423.219983,23.91756535,640,3,Lagos
id_362,610,2,73,1363.609158,24.02284961,608.3333333,4.666666667,Lagos
id_124,616,4,133,1472.08749,25.79355812,301.2857143,2.714285714,Warri
id_416,620,2,53,1261.112971,25.22826802,370.5454545,0.545454545,Lagos
id_254,621,4,133,1435.967494,24.95245879,355.4285714,8.428571429,Warri
id_565,623,3,9,1550.922743,24.03138222,642.0645161,2.177419355,Benin
id_352,626,2,73,1403.77474,23.59613037,700.3333333,5,Lagos
id_410,627,2,53,1267.431982,25.10969639,419,4.2,Lagos
id_328,632,2,79,1171.694811,24.66779723,232.7037037,2.962962963,Lagos
id_94,632,4,133,1481.874651,25.99092538,282.1428571,1.142857143,Warri
id_560,634,3,2,1669.937278,21.85849294,1053.727273,0.272727273,Benin
id_363,635,2,73,1370.563766,24.14914203,592.875,1.5,Lagos
id_366,635,2,73,1413.868612,23.44507408,728.8888889,1.555555556,Lagos
id_191,635,4,133,1429.75,25.51000023,396,4.888888889,Warri
id_211,636,4,133,1441.19614,25.7718881,295.6666667,1.111111111,Warri
id_25,637,4,133,1432.531594,25.5069007,315.1363636,2.454545455,Warri
id_68,639,4,133,1436.622855,25.47459766,282.4285714,1,Warri
id_408,641,2,51,1140.751099,23.58537038,381.5555556,2.444444444,Lagos
id_82,642,4,133,1468.086243,25.41845989,313.875,5.375,Warri
id_473,644,2,87,1473.319995,24.01640425,566.55,2.2,Lagos
id_495,644,2,55,1390.80748,24.07330179,615.125,4.625,Lagos
id_103,646,4,133,1438.785021,25.23197979,416.6666667,4.777777778,Warri
id_711,647,1,74,1498.257487,24.73218769,469.5555556,3,Abuja
id_409,648,2,53,1264.099976,25.17800026,392.7,2.8,Lagos
id_281,648,4,133,1491.706731,24.06203431,572.5384615,4.076923077,Warri
id_290,649,2,37,1029.38501,26.01666832,19.5,3.5,Lagos
id_358,650,2,73,1383.78408,23.7733052,636.3636364,8,Lagos
id_83,651,4,133,1402.508008,25.77943268,273.9,1.6,Warri
id_186,652,4,133,1425.871997,25.52409992,326.4,4.2,Warri
id_200,653,4,133,1417.285986,25.46351509,349.3,7.3,Warri
id_461,654,2,27,877.0200043,25.70831203,12.16666667,2.416666667,Lagos
id_27,656,4,133,1446.377979,25.74770126,284.6,2.7,Warri
id_273,656,4,133,1419.005771,24.73490722,415.2068966,5.689655172,Warri
id_347,657,2,73,1360.400013,24.12158741,596.4545455,2.363636364,Lagos
id_459,657,2,27,889.5642918,25.68041556,29,0.428571429,Lagos
id_118,658,4,133,1458.347956,25.98162547,287.0909091,0.545454545,Warri
id_155,658,4,133,1431.416046,25.9509112,294.6666667,0.75,Warri
id_1,661,4,133,1411.841992,25.9306818,285.5,1.4,Warri
id_89,661,4,133,1561.7246,24.31924539,613.2105263,1.947368421,Warri
id_267,663,4,133,1475.918506,24.21569538,524.1,4.3,Warri
id_740,665,1,115,1577.44249,24.4833951,542.75,3.75,Abuja
id_346,665,2,73,1359.351671,24.14270655,589.5555556,2.777777778,Lagos
id_23,666,4,133,1444.223321,25.01559745,411.2222222,12,Warri
id_747,668,1,135,1590.274197,24.88637988,406.1111111,1.555555556,Abuja
id_245,668,4,133,1464.361667,25.40812959,341.6666667,5.888888889,Warri
id_59,669,4,133,1454.606106,25.47252867,304.6666667,6.222222222,Warri
id_472,672,2,88,1484.500889,23.69789723,636.5,2.928571429,Lagos
id_885,672,5,158,1603.242498,25.31701695,354.3636364,0.727272727,Kano
id_468,674,2,105,1414.773614,24.08622509,531.2222222,4.222222222,Lagos
id_93,674,4,133,1572.843101,24.22630483,637.2407407,1.259259259,Warri
id_750,676,1,131,1473.950003,24.75523145,441.1428571,1.892857143,Abuja
id_355,678,2,73,1406.55306,23.55988524,695.7777778,6,Lagos
id_146,683,4,133,1365.290556,25.44985786,283.9230769,3,Warri
id_120,686,4,133,1481.957136,26.05190495,289.1428571,0.428571429,Warri
id_34,687,4,133,1409.507007,25.4604744,316.9,3.3,Warri
id_14,689,4,133,1460.802775,24.97162437,374.4444444,8.333333333,Warri
id_105,689,4,133,1467.028027,25.89544487,278.1,1.4,Warri
id_113,691,4,133,1398.510824,25.25734541,301.3333333,2.888888889,Warri
id_32,692,4,133,1470.544998,25.70208287,278.125,0.375,Warri
id_77,692,4,133,1423.203125,25.66820312,333.125,1.5,Warri
id_139,695,4,133,1458.140015,25.97099876,299.3333333,0.666666667,Warri
id_55,698,4,133,1424.429382,25.1334796,370.625,5.5,Warri
id_270,698,4,133,1401.295676,25.09821874,360.7272727,12.27272727,Warri
id_348,699,2,73,1396.154297,23.65638515,684.4285714,3.142857143,Lagos
id_116,702,4,133,1427.723511,25.85034752,279.6,0.9,Warri
id_78,704,4,133,1417.006866,25.17722487,402.5,3.625,Warri
id_74,707,4,133,1477.469455,26.01732678,285.4444444,0.555555556,Warri
id_95,707,4,131.0615385,1368.313187,25.14326013,298.8615385,2.523076923,Warri
id_31,711,4,133,1422.179504,25.17974968,375.2,5.9,Warri
id_76,711,4,133,1424.03627,25.30508304,339.25,6.875,Warri
id_88,711,4,133,1598.257846,23.98058965,680.6388889,0.333333333,Warri
id_98,711,4,133,1452.614429,24.91570492,365.8666667,3.933333333,Warri
id_168,711,4,133,1440.059977,25.60121557,319,5,Warri
id_274,712,4,133,1584.177083,24.0316933,655.0833333,0.5,Warri
id_350,715,2,73,1398.839993,23.6407903,699.6666667,4.333333333,Lagos
id_204,715,4,133,1485.099731,24.75859197,535.5555556,2.777777778,Warri
id_119,716,4,133,1476.22699,25.90581665,288.2,0.4,Warri
id_407,719,2,53,1275.904175,25.0010465,417.5555556,4.444444444,Lagos
id_263,721,4,133,1512.638756,24.72025156,399.8125,7.75,Warri
id_266,721,4,133,1447.873436,25.41260731,339.0625,6.4375,Warri
id_39,723,4,133,1400.380005,25.59883237,307.875,6.75,Warri
id_143,724,4,133,1416.187195,25.89563513,292.25,0.625,Warri
id_783,725,1,66,1666.056612,23.59428024,727.5882353,1.529411765,Abuja
id_271,725,2,119,1459.186044,24.20913219,544.2142857,2.714285714,Lagos
id_344,725,2,65,1089.279283,24.79083129,163.5294118,1.235294118,Lagos
id_17,726,4,133,1410.123138,25.74019837,303.75,0.125,Warri
id_85,729,4,133,1433.68111,25.60947466,293.75,2,Warri
id_230,729,4,133,1445.072767,25.14548916,395.6666667,9.222222222,Warri
id_236,737,4,133,1425.962509,25.63270855,307.25,1.5,Warri
id_177,738,4,133,1426.958008,25.60949593,327.8,6.4,Warri
id_374,742,2,58,1123.802014,25.06864185,172.3,3,Lagos
id_240,742,4,133,1397.978119,25.57511544,309.625,7.625,Warri
id_56,746,4,133,1447.395327,25.39202574,328.1304348,3.130434783,Warri
id_12,747,4,133,1444.019363,25.35112548,360.375,1.5,Warri
id_115,755,4,133,1471.155005,25.90441685,279.2,1.1,Warri
id_242,756,4,133,1411.82057,25.30754344,348.3333333,11.88888889,Warri
id_359,757,2,73,1362.840002,24.07383289,596.9,2.3,Lagos
id_277,757,4,133,1558.133997,24.81118412,563.7,2,Warri
id_53,760,4,133,1482.929749,25.85487823,278.9,0.5,Warri
id_364,761,2,73,1380.63501,23.77016687,677.375,8.25,Lagos
id_3,761,4,133,1470.198225,25.87040411,289,1.285714286,Warri
id_405,765,2,53,1268.706494,25.07058773,430,4.5,Lagos
id_235,765,4,133,1469.522502,25.53791682,334.5333333,4.333333333,Warri
id_24,766,4,133,1427.174561,25.54816506,300.9090909,0.727272727,Warri
id_276,767,4,133,1569.154999,24.08314395,653.8125,0.625,Warri
id_237,769,4,133,1461.810924,25.0204603,405.1818182,4.181818182,Warri
id_860,771,5,150,1567.105981,25.56791592,299.6,0.5,Kano
id_258,774,2,119,1458.845001,24.22667694,525.0833333,2.666666667,Lagos
id_341,777,2,68,1181.660004,24.36062892,290.25,2.166666667,Lagos
id_357,779,2,73,1363.189982,24.18528875,587.3333333,1.166666667,Lagos
id_172,780,4,133,1446.110284,24.99615648,427.1111111,4.888888889,Warri
id_393,781,2,59,1069.503526,25.04609254,135.7058824,4.588235294,Lagos
id_21,783,4,133,1461.475003,25.66894616,276.7777778,0.777777778,Warri
id_339,784,2,73,1366.027503,24.00267616,598.7692308,2.230769231,Lagos
id_46,785,4,133,1430.453751,25.34762573,304.125,5.125,Warri
id_404,786,2,51,1145.25,23.70441755,377.6666667,1.333333333,Lagos
id_379,788,2,57,1114.213954,25.13113101,157.2083333,3.291666667,Lagos
id_659,789,1,103,1527.23768,24.476245,556.1538462,6.153846154,Abuja
id_485,789,2,58,1144.447647,24.71303988,220.125,3.9375,Lagos
id_90,789,4,133,1591.824895,23.69166176,697.3076923,0.115384615,Warri
id_107,790,4,133,1498.785848,24.74768225,527,3,Warri
id_278,790,4,133,1570.670003,24.23064656,657.7777778,1.222222222,Warri
id_785,792,1,126,1486.714628,24.79007868,440.8461538,4.461538462,Abuja
id_136,793,4,133,1459.359998,25.98999844,296.6,0.3,Warri
id_773,797,1,128,1559.964544,24.86570514,481.0909091,5.727272727,Abuja
id_342,797,2,58,1146.647059,24.66719953,231.4705882,7.411764706,Lagos
id_181,797,4,133,1427.76001,25.4141686,342.25,5.75,Warri
id_361,800,2,73,1397.207194,23.6232338,697.8888889,9.111111111,Lagos
id_398,801,2,53,1296.338501,25.03751316,392.6,0.6,Lagos
id_57,801,4,133,1374.067518,25.43288867,269.3333333,1.333333333,Warri
id_201,803,4,133,1453.077499,25.59441686,353.125,3,Warri
id_101,807,4,133,1413.446228,25.86407447,294.125,0.375,Warri
id_41,808,4,133,1414.798141,25.36901832,403.875,9.5,Warri
id_349,809,2,73,1359.820007,24.17266502,580.5,1.1,Lagos
id_100,809,4,133,1430.692854,25.41232627,353.8571429,10,Warri
id_335,812,2,79,1153.806448,24.55324324,246.3157895,2.789473684,Lagos
id_799,813,1,121,1540.442854,24.73891374,512.8214286,3.535714286,Abuja
id_368,816,2,73,1420.057051,23.31654635,745.9090909,3.727272727,Lagos
id_233,817,4,133,1449.664993,25.13057327,401,6.375,Warri
id_354,819,2,73,1363.966003,24.11458244,593.5,1.7,Lagos
id_72,820,4,133,1471.233508,25.95430756,299.6,0.3,Warri
id_739,822,1,99,1462.563399,24.7669246,410,1.909090909,Abuja
id_30,822,4,133,1443.658737,25.5730319,317.75,1,Warri
id_61,825,4,133,1445.633728,25.29552174,361.125,5.875,Warri
id_208,826,4,133,1462.262503,24.99738121,484.5714286,6,Warri
id_351,829,2,73,1365.4375,24.09770799,597.125,2.625,Lagos
id_47,829,4,133,1447.876266,25.48147774,318,5.375,Warri
id_744,831,3,124,1531.875814,24.80310376,448.4166667,1.166666667,Benin
id_128,838,4,133,1484.273758,26.00851917,292.125,0.75,Warri
id_40,839,4,133,1401.237503,26.04145908,273.75,0.25,Warri
id_806,841,1,62,1634.987,23.69666729,723.9,2.5,Abuja
id_92,844,4,133,1439.581387,25.12593132,330.08,3.68,Warri
id_729,854,1,109,1488.943626,24.85756597,464.8181818,2,Abuja
id_761,856,1,131,1497.486382,24.62265693,479.1111111,3.777777778,Abuja
id_377,856,2,58,1113.67286,25.11633519,168.5,2.428571429,Lagos
id_80,858,4,133,1455.976001,25.42931767,368.7,3.1,Warri
id_19,859,4,133,1455.719986,25.01466894,431.875,9.25,Warri
id_28,862,4,133,1412.76001,25.95899892,286.125,0.375,Warri
id_243,862,4,133,1455.800016,25.41270816,352.1333333,2.2,Warri
id_26,865,4,133,1428.075562,25.46312714,329.6666667,5.888888889,Warri
id_207,869,4,133,1415.933997,25.82255154,292.9,2.1,Warri
id_238,869,4,133,1458.289993,25.63208413,306.625,1.25,Warri
id_217,870,4,133,1415.125,25.80387719,299.8333333,1,Warri
id_400,879,2,51,1140.321564,23.71147418,371.5,2.5,Lagos
id_717,881,1,34,1549.02084,23.94407463,632,3.611111111,Abuja
id_724,884,1,138,1549.362508,25.07549222,382.3333333,1.888888889,Abuja
id_759,884,1,137.6666667,1553.014994,24.99616814,476.8333333,2.333333333,Abuja
id_252,884,4,133,1460.303571,25.31931904,369.8571429,3.571428571,Warri
id_221,886,4,133,1434.007492,25.23188615,402.625,6.625,Warri
id_122,888,4,133,1476.378003,26.0750515,289.4,1.1,Warri
id_229,896,4,133,1485.250271,25.62910419,312.8888889,1,Warri
id_38,898,4,133,1449.228003,25.50861588,325.1,0.9,Warri
id_196,900,4,133,1428.511887,25.54959297,378.625,6.875,Warri
id_756,903,1,113,1513.659745,24.82641455,422.7666667,4.166666667,Abuja
id_54,903,4,133,1443.722504,25.80941677,296.125,1.125,Warri
id_763,907,1,108,1561.424601,24.3352073,547.75,5.416666667,Abuja
id_123,911,4,133,1478.815002,25.99381256,286.875,0.625,Warri
id_171,911,4,133,1404.220015,26.02346784,275.1818182,0.636363636,Warri
id_62,915,4,133,1473.920007,25.72916565,278.9,0.3,Warri
id_279,917,4,133,1544.477498,24.64118719,589.5833333,1.666666667,Warri
id_227,921,4,133,1440.522491,25.17553163,378,9.75,Warri
id_356,926,2,73,1370.304962,23.99872994,614.75,2.875,Lagos
id_121,927,4,133,1425.624263,25.64394923,287.1851852,3.407407407,Warri
id_251,938,4,133,1465.807068,25.34953149,365.1666667,2.333333333,Warri
id_782,946,1,113,1535.400146,24.37842571,523.4117647,7.352941176,Abuja
id_43,946,4,133,1482.736987,25.79041786,280.2,0.8,Warri
id_45,950,4,133,1419.040009,25.72533464,304.625,1.875,Warri
id_10,954,4,133,1417.116679,25.56787332,282.6666667,1,Warri
id_133,957,4,133,1461.785292,26.00700336,294.3333333,0.555555556,Warri
id_220,958,4,133,1477.452725,25.55063334,351.2727273,1.909090909,Warri
id_131,960,4,133,1483.173584,25.98949896,288.8571429,0.857142857,Warri
id_232,964,4,133,1485.219713,25.61569193,314.3333333,0.444444444,Warri
id_37,971,4,133,1418.445007,24.89575005,413.625,15.75,Warri
id_218,974,4,133,1482.774641,24.72291429,471.8571429,2.857142857,Warri
id_774,976,1,100,1615.666138,23.75809184,694.7272727,1.727272727,Abuja
id_102,981,4,133,1481.969428,25.39473067,345.7777778,2.555555556,Warri
id_215,981,4,133,1447.343227,25.13294302,436.7142857,11.14285714,Warri
id_391,990,2,45,1089.443059,25.47400475,95.53846154,1.615384615,Lagos
id_205,993,4,133,1430.6255,25.50633392,341.2,8.8,Warri
id_159,998,4,133,1400.911255,26.00938535,274.75,0.625,Warri
id_127,999,4,133,1469.985006,25.98008315,292,0,Warri
id_126,1005,4,133,1430.449011,25.86797695,283,0.3,Warri
id_192,1019,4,133,1448.659313,25.75975019,302.4545455,0.454545455,Warri
id_73,1023,4,133,1475.629991,25.96625031,290.8888889,0.666666667,Warri
id_138,1023,4,133,1464.910999,25.33025093,355.1,5,Warri
id_164,1026,4,133,1435.279694,25.6446209,335.625,4,Warri
id_353,1047,2,73,1401.987495,23.61739561,697.2222222,9.444444444,Lagos
id_189,1052,4,133,1411.361499,25.92832413,290.3,1.7,Warri
id_226,1065,4,133,1468.769995,25.66328373,310.4,0.8,Warri
id_156,1066,4,133,1430.336987,25.22827148,370.2,8.6,Warri
id_130,1067,4,133,1466.161255,26.035146,293,0.75,Warri
id_137,1068,4,133,1477.052856,25.97229821,291,0.571428571,Warri
id_248,1070,4,133,1462.710002,25.39135636,334.6666667,5.111111111,Warri
id_60,1077,4,133,1419.166694,25.0250348,367.5555556,12.77777778,Warri
id_195,1077,4,133,1475.87999,24.80600023,508.25,3.625,Warri
id_48,1080,4,133,1430.407783,25.42349497,293.4444444,5.444444444,Warri
id_198,1081,4,133,1413.529999,25.88214731,298.75,0.75,Warri
id_223,1082,4,133,1463.274536,25.68233161,307,0.636363636,Warri
id_9,1102,4,133,1421.198225,25.89465904,299.8571429,0.571428571,Warri
id_202,1115,4,133,1426.50666,25.86194505,285.7777778,1.444444444,Warri
id_97,1116,4,133,1574.430623,24.18205918,656.9722222,1.833333333,Warri
id_182,1123,4,133,1421.880005,25.70733404,316.25,3.125,Warri
id_247,1126,4,133,1456.36556,24.8740476,449.7777778,9.111111111,Warri
id_219,1129,4,133,1404.412498,25.77912955,288.5454545,2.909090909,Warri
id_160,1162,4,133,1429.682509,25.68179936,315.7777778,2.666666667,Warri
id_246,1168,4,133,1416.778341,25.19007047,358.8333333,8.833333333,Warri
id_51,1174,4,133,1438.045029,25.05708265,399.625,6,Warri
id_36,1178,4,133,1423.772491,25.39362717,354,11,Warri
id_140,1186,4,133,1456.987508,25.97034073,288.5555556,0.888888889,Warri
id_167,1191,4,133,1407.455002,26.01666641,282.25,2.625,Warri
id_129,1193,4,133,1459.333997,25.50987358,296.5,7.7,Warri
id_15,1218,4,133,1414.401786,25.80380304,301.5714286,0.714285714,Warri
id_194,1218,4,133,1416.949992,25.87198109,295.1111111,2,Warri
id_134,1226,4,133,1481.375015,25.9772079,288.125,0.875,Warri
id_197,1234,4,133,1454.462012,25.7682169,300.1,1,Warri
id_224,1235,4,133,1430.732278,25.24321816,340,6,Warri
id_187,1261,4,133,1433.756763,25.7080946,307.3,2.5,Warri
id_212,1263,4,133,1427.292149,25.35345513,388.4285714,3.857142857,Warri
id_175,1271,4,133,1413.264743,25.97043652,290.4444444,1.666666667,Warri
id_184,1271,4,133,1410.006931,25.93154844,288.7777778,2.444444444,Warri
id_222,1274,4,133,1406.980225,25.7285881,286.7272727,2,Warri
id_5,1275,4,133,1460.009369,25.5870831,330,5.125,Warri
id_117,1276,4,133,1473.298406,26.10527385,290.6363636,0.818181818,Warri
id_6,1288,4,133,1480.651786,25.64803587,310.2857143,0.428571429,Warri
id_180,1324,4,133,1411.756866,25.96847367,286.875,0.75,Warri
id_174,1329,4,133,1419.790839,25.84604772,302,0.888888889,Warri
id_228,1330,4,133,1406.037,25.64061642,309.8,6.9,Warri
id_135,1334,4,133,1472.864091,25.43351624,325.8181818,1.818181818,Warri
id_206,1357,4,133,1425.800003,25.83666658,283.125,1.375,Warri
id_50,1364,4,133,1425.48501,25.91999092,290.3,0.4,Warri
id_225,1365,4,133,1407.375,25.67247921,292.6666667,2.444444444,Warri
id_178,1370,4,133,1422.958508,25.83038502,303.1,0.5,Warri
id_4,1377,4,133,1447.239779,25.20197244,428.3636364,2.272727273,Warri
id_70,1378,4,133,1398.635725,25.3522625,280.7142857,7.285714286,Warri
id_158,1400,4,133,1441.540009,25.91300011,298.875,0.75,Warri
id_176,1401,4,133,1414.479993,25.96491508,286,1.7,Warri
id_920,1403,5,150,1502.236441,25.67896611,295.5714286,2.428571429,Kano
id_179,1415,4,133,1423.338104,25.9130981,297.125,0.625,Warri
id_151,1416,4,133,1456.65123,25.93440676,300.125,1.375,Warri
id_183,1422,4,133,1431.959095,25.86958469,295.1818182,1.363636364,Warri
id_64,1431,4,133,1479.567854,25.94866044,280.8571429,0.857142857,Warri
id_99,1432,4,133,1413.33999,25.99300594,285.6,0.5,Warri
id_163,1435,4,133,1410.273228,25.976414,278.1428571,1.714285714,Warri
id_75,1441,4,133,1462.025,25.86595936,287,0.7,Warri
id_193,1446,4,133,1418.625,25.92333243,279.7777778,0.222222222,Warri
id_52,1452,4,133,1434.205002,25.56941557,316.25,1.5,Warri
id_234,1456,4,133,1414.862518,25.68000007,290.5,3.375,Warri
id_71,1458,4,133,1421.316574,25.77857113,323.375,3.25,Warri
id_188,1465,4,133,1432.784633,25.87214988,297.7142857,0.714285714,Warri
id_16,1472,4,133,1455.189982,25.53456031,282,3.222222222,Warri
id_108,1479,4,133,1422.028599,25.52822031,288.7142857,1.571428571,Warri
id_241,1486,4,133,1477.152536,25.01524707,443.7142857,3.142857143,Warri
id_2,1491,4,133,1451.577502,24.96829185,430.2,12.6,Warri
id_173,1495,4,133,1421,25.72458394,316.3333333,2.833333333,Warri
id_149,1496,4,133,1366.193018,25.44479904,268.6,1.6,Warri
id_209,1499,4,133,1457.665002,25.50870819,356.7,2,Warri
id_142,1522,4,133,1475.44191,25.96084857,299.875,0.25,Warri
id_132,1527,4,133,1467.189514,25.46648903,315.6,3.2,Warri
id_190,1532,4,133,1417.53834,25.15740331,307.6666667,4.25,Warri
id_244,1536,4,133,1413.087497,25.23930189,321.4444444,3.555555556,Warri
id_199,1544,4,133,1433.703578,25.80371557,294,0.857142857,Warri
id_69,1565,4,133,1420.62876,25.15222588,314.8,4.1,Warri
id_185,1570,4,133,1427.822211,25.91697396,290,0.888888889,Warri
id_169,1571,4,133,1419.299057,25.81166029,308,2.25,Warri
id_210,1577,4,133,1415.001779,25.82476371,298.7142857,0.857142857,Warri
id_125,1649,4,133,1483.962511,26.02543831,291.4444444,0.333333333,Warri
id_147,1659,4,133,1431.692862,25.88000039,303.0714286,1,Warri
id_20,1678,4,133,1419.107517,25.80833626,274.3333333,1.444444444,Warri
id_162,1687,4,133,1432.769999,25.94066588,298.8333333,0.666666667,Warri
id_203,1692,4,133,1415.850288,25.8448143,296,0.111111111,Warri
id_110,1706,4,133,1476.661499,25.92987938,281.4,0.8,Warri
id_157,1713,4,133,1424.264771,25.80309746,319.9090909,2.181818182,Warri
id_153,1719,4,133,1413.470692,25.78244435,311.8181818,1.727272727,Warri
id_170,1733,4,133,1422.376001,25.90413342,301.9,0.2,Warri
id_145,1755,4,133,1477.419176,25.96204885,295.3333333,1.555555556,Warri
id_166,1813,4,133,1426.98583,25.94200102,299.5833333,0.416666667,Warri
id_8,1826,4,133,1412.000017,25.60904612,282,0.857142857,Warri
id_141,1834,4,133,1429.268632,25.47917019,336.2727273,6.090909091,Warri
id_13,1928,4,133,1438.821997,25.96116791,279.8,0.5,Warri
id_213,1994,4,133,1437.925003,25.71695828,301.375,1.875,Warri
id_144,2008,4,133,1432.101257,25.85988665,300.5,1.375,Warri
id_148,2047,4,133,1469.931383,25.95288701,292.1111111,0.444444444,Warri
id_154,2174,4,133,1437.896688,25.88928541,307.3333333,1.111111111,Warri
id_161,2233,4,133,1425.849718,25.84748967,317,2,Warri
id_165,2329,4,133,1420.629074,25.82820225,308.875,2.375,Warri
id_150,2369,4,133,1425.794373,25.84525426,308.5833333,1.333333333,Warri
